{"roll": [-10.0, -8.89, -7.609999999999999, -6.34, -5.9399999999999995, -6.41, -6.18, -4.8, -3.38, -2.04, -0.8299999999999998, -0.9899999999999998, -1.7599999999999998, -2.48, -3.54, -4.6, -5.4399999999999995, -5.51, -4.67, -3.86, -3.21, -2.84, -3.8, -4.84, -5.31, -4.38, -2.61, -2.2399999999999998, -2.2199999999999998, -2.56, -2.2199999999999998, -0.5899999999999999, 1.1600000000000001, 1.8200000000000003, 0.8300000000000001, -0.6399999999999997, -1.98, -2.1799999999999997, -1.5899999999999999, -1.15, -1.43, -2.46, -3.21, -4.17, -5.1899999999999995, -6.109999999999999, -7.03, -7.0, -6.449999999999999, -5.699999999999999, -4.89, -4.08, -3.79, -4.3, -4.8100000000000005, -5.3, -5.49, -5.09, -4.93, -4.05, -3.32, -2.92, -2.9299999999999997, -4.72, -6.48, -7.99, -8.08, -7.3, -6.32, -5.359999999999999, -5.67, -6.35, -6.02, -4.76, -3.52, -2.2399999999999998, -1.0, -2.05, -2.56, -1.7799999999999998, -1.0599999999999998, -1.23, -2.27, -3.26, -4.18, -4.82, -4.33, -3.51, -2.6199999999999997, -2.3099999999999996, -3.02, -3.69, -3.59, -3.0, -2.61, -2.27, -2.5999999999999996, -1.2699999999999998, 0.3200000000000003, 1.6400000000000006, 1.1800000000000002, -0.08999999999999986, -1.2199999999999998, -2.03, -1.17, -0.7799999999999998, -2.17, -3.79, -4.77, -4.46, -3.75, -4.8, -5.82, -6.79, -7.08, -6.9399999999999995, -6.31, -5.42, -4.59, -3.6799999999999997, -4.56, -5.4, -6.029999999999999, -5.71, -5.14, -4.93, -5.18, -6.0, -6.6, -6.449999999999999, -6.0, -6.15, -7.84, -9.48, -10.58, -9.69, -8.44, -7.12, -5.85, -5.949999999999999, -6.58, -6.21, -4.85, -3.4699999999999998, -2.1399999999999997, -0.8999999999999999, -1.0499999999999998, -1.9, -2.55, -3.52, -4.57, -5.3, -4.779999999999999, -4.01, -3.2199999999999998, -2.51, -2.3499999999999996, -2.8499999999999996, -3.5599999999999996, -4.04, -3.8899999999999997, -2.82, -2.3099999999999996, -2.25, -2.63, -3.0, -1.7799999999999998, -0.08000000000000007, 1.27, 1.0, -0.23999999999999977, -1.43, -2.27, -1.5999999999999999, -1.38, -2.38, -3.73, -4.93, -5.65, -6.39, -7.29, -6.109999999999999, -4.85, -4.0, -3.9, -3.44, -3.23, -3.3099999999999996, -3.7699999999999996, -4.63, -5.35, -5.82, -5.779999999999999, -5.63, -5.84, -6.35, -5.4399999999999995, -4.63, -4.57, -4.67, -5.21, -6.87, -8.36], "pitch": [-14.2, -13.82, -13.809999999999999, -13.59, -12.68, -12.03, -10.91, -10.51, -10.25, -10.049999999999999, -9.989999999999998, -10.85, -11.649999999999999, -12.579999999999998, -13.29, -14.18, -15.379999999999999, -16.85, -17.509999999999998, -18.31, -19.439999999999998, -20.689999999999998, -21.78, -22.939999999999998, -24.490000000000002, -25.71, -25.269999999999996, -23.04, -22.16, -21.84, -20.86, -20.119999999999997, -19.33, -17.88, -16.91, -16.9, -16.92, -15.87, -15.579999999999998, -14.94, -13.739999999999998, -12.84, -11.639999999999999, -10.57, -9.76, -8.95, -9.02, -10.1, -11.239999999999998, -12.41, -13.57, -14.77, -16.16, -17.36, -18.71, -20.009999999999998, -21.240000000000002, -22.47, -23.79, -23.9, -21.759999999999998, -19.02, -17.689999999999998, -17.77, -17.689999999999998, -16.97, -15.309999999999999, -14.26, -13.95, -13.649999999999999, -12.799999999999999, -12.309999999999999, -11.239999999999998, -10.84, -10.579999999999998, -10.489999999999998, -10.25, -9.91, -10.62, -11.12, -11.76, -12.95, -13.95, -15.12, -16.54, -18.2, -19.479999999999997, -19.93, -20.46, -21.77, -23.06, -24.43, -25.78, -24.22, -21.93, -20.95, -20.81, -20.57, -20.34, -19.47, -17.990000000000002, -17.36, -17.119999999999997, -16.729999999999997, -16.39, -15.86, -14.919999999999998, -14.35, -13.23, -12.02, -11.12, -10.54, -10.19, -10.299999999999999, -11.209999999999999, -12.379999999999999, -13.54, -14.62, -15.7, -16.729999999999997, -17.43, -18.54, -19.85, -21.13, -22.22, -23.64, -24.86, -24.990000000000002, -22.31, -20.45, -19.86, -19.06, -18.29, -17.509999999999998, -16.2, -15.11, -14.84, -14.899999999999999, -14.809999999999999, -14.0, -13.379999999999999, -12.149999999999999, -11.59, -11.09, -10.739999999999998, -10.59, -11.51, -12.26, -13.2, -13.93, -14.669999999999998, -15.799999999999999, -16.89, -17.58, -17.990000000000002, -18.72, -20.0, -21.259999999999998, -22.46, -23.72, -24.9, -25.42, -23.45, -22.17, -21.54, -20.68, -20.14, -19.72, -18.729999999999997, -17.2, -16.729999999999997, -16.67, -15.98, -15.64, -14.94, -13.969999999999999, -13.379999999999999, -12.629999999999999, -11.469999999999999, -10.35, -9.7, -9.98, -10.41, -11.45, -12.75, -14.11, -15.45, -16.740000000000002, -17.939999999999998, -18.93, -20.369999999999997, -22.009999999999998, -23.490000000000002, -24.93, -26.57, -27.729999999999997, -27.04, -25.299999999999997, -22.43, -21.58, -20.799999999999997, -19.729999999999997, -18.46],